{"cameraMode":{"drawMode":0,"name":"Shaded","section":"Shading Mode"},"sceneLighting":true,"audioPlay":false,"sceneViewState":{"m_AlwaysRefresh":false,"showFog":true,"showSkybox":true,"showFlares":true,"showImageEffects":true,"showParticleSystems":true,"showVisualEffectGraphs":true,"m_FxEnabled":true},"in2DMode":false,"pivot":{"x":0.06099891662597656,"y":3.3999996185302736,"z":3.6587562561035158},"rotation":{"x":-0.1584121733903885,"y":0.14370033144950868,"z":-0.023310009390115739,"w":-0.9765820503234863},"size":0.8660253882408142,"orthographic":false}